Language,Operation,DatasetSize,Time_ms,Memory_MB
C#,Update,500,6e-10,0.0
C#,Query,500,7.7e-09,0.0
C#,Indexing,500,9.499999999999999e-09,0.0
C#,Update,1000,1.5e-08,0.0
C#,Query,1000,9.499999999999999e-09,0.0
C#,Indexing,1000,1.3400000000000001e-08,0.0
Java,Indexing,500,8.410449583029796e-07,0.0
Java,Indexing,1000,8.434617727332937e-07,0.0
Java,Query,500,7.098246080458996e-06,0.0
Java,Query,1000,7.111517944875494e-06,0.0
Java,Update,500,0.8124499987296125,0.0
Java,Update,1000,1.592260343470077,0.0
Python,Update,500,153.1393568147014,0.0559
Python,Query,500,0.007000002590000959,0.0001
Python,Indexing,500,0.004500001462500475,0.0001
Python,Update,1000,299.4011976047904,0.0555
Python,Query,1000,0.007599999848000002,0.0001
Python,Indexing,1000,0.0050999987352003135,0.0001
