"Benchmark","Mode","Threads","Samples","Score","Score Error (99,9%)","Unit","Param: datasetSize"
"org.ulpgc.bigdata.benchmark.InvertedIndexBenchmark.diskIoPerformance","thrpt",1,5,"1228437364,945965","11679174,603209","ops/s",1000
"org.ulpgc.bigdata.benchmark.InvertedIndexBenchmark.diskIoPerformance:gc.alloc.rate","thrpt",1,5,"0,006608","0,000050","MB/sec",1000
"org.ulpgc.bigdata.benchmark.InvertedIndexBenchmark.diskIoPerformance:gc.alloc.rate.norm","thrpt",1,5,"0,000006","0,000000","B/op",1000
"org.ulpgc.bigdata.benchmark.InvertedIndexBenchmark.diskIoPerformance:gc.count","thrpt",1,5,"0,000000",NaN,"counts",1000
"org.ulpgc.bigdata.benchmark.InvertedIndexBenchmark.diskIoPerformance","thrpt",1,5,"1239086455,093049","20702258,035843","ops/s",5000
"org.ulpgc.bigdata.benchmark.InvertedIndexBenchmark.diskIoPerformance:gc.alloc.rate","thrpt",1,5,"0,006613","0,000013","MB/sec",5000
"org.ulpgc.bigdata.benchmark.InvertedIndexBenchmark.diskIoPerformance:gc.alloc.rate.norm","thrpt",1,5,"0,000006","0,000000","B/op",5000
"org.ulpgc.bigdata.benchmark.InvertedIndexBenchmark.diskIoPerformance:gc.count","thrpt",1,5,"0,000000",NaN,"counts",5000
"org.ulpgc.bigdata.benchmark.InvertedIndexBenchmark.queryPerformance","thrpt",1,5,"144212642,583789","4257140,156744","ops/s",1000
"org.ulpgc.bigdata.benchmark.InvertedIndexBenchmark.queryPerformance:gc.alloc.rate","thrpt",1,5,"3299,970199","97,260317","MB/sec",1000
"org.ulpgc.bigdata.benchmark.InvertedIndexBenchmark.queryPerformance:gc.alloc.rate.norm","thrpt",1,5,"24,000048","0,000001","B/op",1000
"org.ulpgc.bigdata.benchmark.InvertedIndexBenchmark.queryPerformance:gc.count","thrpt",1,5,"55,000000",NaN,"counts",1000
"org.ulpgc.bigdata.benchmark.InvertedIndexBenchmark.queryPerformance:gc.time","thrpt",1,5,"53,000000",NaN,"ms",1000
"org.ulpgc.bigdata.benchmark.InvertedIndexBenchmark.queryPerformance","thrpt",1,5,"146692634,722169","1540398,979257","ops/s",5000
"org.ulpgc.bigdata.benchmark.InvertedIndexBenchmark.queryPerformance:gc.alloc.rate","thrpt",1,5,"3356,602031","35,863145","MB/sec",5000
"org.ulpgc.bigdata.benchmark.InvertedIndexBenchmark.queryPerformance:gc.alloc.rate.norm","thrpt",1,5,"24,000047","0,000001","B/op",5000
"org.ulpgc.bigdata.benchmark.InvertedIndexBenchmark.queryPerformance:gc.count","thrpt",1,5,"56,000000",NaN,"counts",5000
"org.ulpgc.bigdata.benchmark.InvertedIndexBenchmark.queryPerformance:gc.time","thrpt",1,5,"55,000000",NaN,"ms",5000
"org.ulpgc.bigdata.benchmark.InvertedIndexBenchmark.updatePerformance","thrpt",1,5,"617,335425","28,227747","ops/s",1000
"org.ulpgc.bigdata.benchmark.InvertedIndexBenchmark.updatePerformance:gc.alloc.rate","thrpt",1,5,"1617,328718","74,249780","MB/sec",1000
"org.ulpgc.bigdata.benchmark.InvertedIndexBenchmark.updatePerformance:gc.alloc.rate.norm","thrpt",1,5,"2747819,308594","0,426056","B/op",1000
"org.ulpgc.bigdata.benchmark.InvertedIndexBenchmark.updatePerformance:gc.count","thrpt",1,5,"37,000000",NaN,"counts",1000
"org.ulpgc.bigdata.benchmark.InvertedIndexBenchmark.updatePerformance:gc.time","thrpt",1,5,"33,000000",NaN,"ms",1000
"org.ulpgc.bigdata.benchmark.InvertedIndexBenchmark.updatePerformance","thrpt",1,5,"130,960491","1,026930","ops/s",5000
"org.ulpgc.bigdata.benchmark.InvertedIndexBenchmark.updatePerformance:gc.alloc.rate","thrpt",1,5,"1702,269917","13,254779","MB/sec",5000
"org.ulpgc.bigdata.benchmark.InvertedIndexBenchmark.updatePerformance:gc.alloc.rate.norm","thrpt",1,5,"13632612,949063","0,849879","B/op",5000
"org.ulpgc.bigdata.benchmark.InvertedIndexBenchmark.updatePerformance:gc.count","thrpt",1,5,"39,000000",NaN,"counts",5000
"org.ulpgc.bigdata.benchmark.InvertedIndexBenchmark.updatePerformance:gc.time","thrpt",1,5,"36,000000",NaN,"ms",5000
"org.ulpgc.bigdata.benchmark.TokenizerBenchmark.indexingSpeed","thrpt",1,5,"50,851565","1,893439","ops/s",
"org.ulpgc.bigdata.benchmark.TokenizerBenchmark.indexingSpeed:gc.alloc.rate","thrpt",1,5,"1452,607521","53,979101","MB/sec",
"org.ulpgc.bigdata.benchmark.TokenizerBenchmark.indexingSpeed:gc.alloc.rate.norm","thrpt",1,5,"29960463,299548","5,913110","B/op",
"org.ulpgc.bigdata.benchmark.TokenizerBenchmark.indexingSpeed:gc.count","thrpt",1,5,"34,000000",NaN,"counts",
"org.ulpgc.bigdata.benchmark.TokenizerBenchmark.indexingSpeed:gc.time","thrpt",1,5,"32,000000",NaN,"ms",
